{"cameraMode":{"drawMode":0,"name":"Shaded","section":"Shading Mode"},"sceneLighting":false,"audioPlay":false,"sceneViewState":{"m_AlwaysRefresh":false,"showFog":true,"showSkybox":true,"showFlares":true,"showImageEffects":true,"showParticleSystems":true,"showVisualEffectGraphs":true,"m_FxEnabled":true},"in2DMode":false,"pivot":{"x":172.83071899414063,"y":69.06947326660156,"z":301.4621276855469},"rotation":{"x":-0.06213712692260742,"y":-0.2713603675365448,"z":0.018329620361328126,"w":-0.9605407118797302},"size":0.8660253882408142,"orthographic":false}