{"cameraMode":{"drawMode":0,"name":"Shaded","section":"Shading Mode"},"sceneLighting":false,"audioPlay":false,"sceneViewState":{"m_AlwaysRefresh":false,"showFog":true,"showSkybox":false,"showFlares":true,"showImageEffects":true,"showParticleSystems":true,"showVisualEffectGraphs":true,"m_FxEnabled":true},"in2DMode":false,"pivot":{"x":-0.000002384185791015625,"y":8.759037017822266,"z":1.477994680404663},"rotation":{"x":0.019164349883794786,"y":0.9766666889190674,"z":-0.188725084066391,"w":0.10277087986469269},"size":7.501346111297607,"orthographic":false}