{"cameraMode":{"drawMode":0,"name":"Shaded","section":"Shading Mode"},"sceneLighting":false,"audioPlay":false,"sceneViewState":{"m_AlwaysRefresh":false,"showFog":true,"showSkybox":false,"showFlares":true,"showImageEffects":true,"showParticleSystems":true,"showVisualEffectGraphs":true,"m_FxEnabled":true},"in2DMode":false,"pivot":{"x":191.24000549316407,"y":58.100006103515628,"z":330.4910888671875},"rotation":{"x":0.017167992889881135,"y":-0.8945547938346863,"z":0.4457623064517975,"w":0.03337426856160164},"size":18.14692497253418,"orthographic":false}